{"10f9468c-2fa7-3b8e-a9cf-dddf3fe922c3":{"type":"fullContent","revision":1},"ffe086a3-535b-31a4-846b-ed614e122aaa":{"type":"fullContent","revision":1},"58269566-108f-3f11-8569-8f1e9c32cab5":{"type":"diff","revision":2,"appliesTo":"16954ada-fdbe-358b-84cf-e4e382f44d60"},"6c98e16c-0d98-3dd0-b3f6-fb058d2d141e":{"type":"fullContent","revision":1},"900f8443-69f1-39ba-9e56-ac6c9120b716":{"type":"fullContent","revision":1},"8e6b0cea-87fb-32e7-b2a6-ccb3540ad27a":{"type":"fullContent","revision":1},"78850f5c-4bb7-3f00-95ae-8bc18b65433c":{"type":"fullContent","revision":3},"5e5e72e0-c57a-3f5d-9330-2c8d5dd693c1":{"type":"fullContent","revision":1},"45706d00-8b89-3834-af90-e9009051158c":{"type":"fullContent","revision":2},"c08846c3-9f9a-304a-b65a-d2f5e78a2e8e":{"type":"fullContent","revision":1},"6e8b85bc-a7a1-3a75-b534-a270fe5cf000":{"type":"fullContent","revision":1},"61c33940-540b-338d-a5b3-382abd3f20d4":{"type":"fullContent","revision":1},"d487527f-5c36-30dd-b33f-54cf1973ed77":{"type":"fullContent","revision":1},"d61d7457-9840-3170-ac90-bebed47099cd":{"type":"fullContent","revision":1},"98a547d1-fcac-3243-97ff-d7e359ad727d":{"type":"fullContent","revision":1},"996b63aa-012e-311a-bb10-2e1e45557890":{"type":"fullContent","revision":1},"3130be71-5995-3529-a134-6375dc406f40":{"type":"fullContent","revision":1},"0395399a-a08e-3a1d-bd47-cbcd029ef3da":{"type":"fullContent","revision":1},"6fe459de-fb78-3d23-a272-ca184a425118":{"type":"fullContent","revision":1},"9ecbee89-21c8-34fb-b3e9-03c62584badf":{"type":"fullContent","revision":1},"cebb6ae3-f48a-3d83-a40a-d7c2384ee21e":{"type":"fullContent","revision":1},"d4f091b8-5e5a-3820-968a-3cb96cbe1f61":{"type":"fullContent","revision":1},"7fca855b-653d-39a7-9488-451c3fd8b67f":{"type":"fullContent","revision":1},"efd4187b-c054-31e6-a733-57ddb98ad74b":{"type":"fullContent","revision":1},"16954ada-fdbe-358b-84cf-e4e382f44d60":{"type":"fullContent","revision":1},"02aff888-ada4-37c1-9d8f-33350ac0409d":{"type":"fullContent","revision":1},"555fdff8-42f5-3c3a-84c3-7e4b4e2122dc":{"type":"fullContent","revision":1},"469fc9a5-7929-3d69-a48e-f50c68ffe35b":{"type":"fullContent","revision":1},"a9578b8c-e47e-3570-8ddf-828a5a5d87e3":{"type":"fullContent","revision":1},"01754844-5691-396f-b047-f2c1733849e5":{"type":"fullContent","revision":1},"d57fcb1f-103e-3631-8c57-d2b64e3ef72e":{"type":"fullContent","revision":1},"88cdcf31-1d68-344b-9e90-7c69482abc57":{"type":"fullContent","revision":1},"99a6e140-0f4b-36cd-9008-0cfb58da1fbe":{"type":"fullContent","revision":1},"e77b5f6a-93c2-354e-a001-5361311518f8":{"type":"fullContent","revision":1},"26639009-0094-3bcc-b841-b69c8b2eda24":{"type":"fullContent","revision":1},"60ba741a-e03f-345c-836b-06d4641fadaf":{"type":"fullContent","revision":1},"284666c4-0deb-3d30-91c3-8d9755a53371":{"type":"fullContent","revision":1},"b016079e-f79b-3e76-9a92-a6d603097cad":{"type":"fullContent","revision":1},"fbbfa4ec-22f2-3f8c-a703-d671de013e05":{"type":"fullContent","revision":1},"f80acfc0-9dd8-32d6-8877-32fdb4b29edf":{"type":"fullContent","revision":1},"14ddec95-765c-3a96-bd8b-9258700fc650":{"type":"fullContent","revision":1},"a2de2757-972b-338f-9579-f00e52e762a4":{"type":"fullContent","revision":4},"25e2c474-00bd-3ed1-85ec-bbe76aa5e4f1":{"type":"diff","revision":4,"appliesTo":"6b19bcb0-cbbf-3950-8376-b9563e055319"},"02e55cd6-e37c-3ffd-a201-56ee79b8381d":{"type":"fullContent","revision":1},"f325342b-055a-3329-a704-bbb74f7b7b06":{"type":"fullContent","revision":1},"4ad2ec3b-85eb-35b8-9e8a-36bb94468606":{"type":"fullContent","revision":1},"cdabe87f-77e4-3add-9c9e-19a0d083b919":{"type":"fullContent","revision":1},"c8c349cc-b6fd-3073-b3fd-d8aefb8ce2f3":{"type":"fullContent","revision":1},"b54c2a18-b893-39ef-a7d1-7c4a57c18740":{"type":"fullContent","revision":1},"a1d0562d-c7ab-3025-bb90-29694ceed2b1":{"type":"diff","revision":3,"appliesTo":"3ab407d6-1c00-3e92-8c76-f0b4f712034d"},"c56b4580-d56f-336a-909c-3d32e9f5da2c":{"type":"fullContent","revision":1},"f8748ec9-32a4-3cf4-8032-9162dd7e442c":{"type":"diff","revision":2,"appliesTo":"3dbabea0-327d-35d5-82db-8ae72125ef52"},"991a5a82-e486-3b72-8cb1-2a331e6aa892":{"type":"fullContent","revision":2},"7920ced3-094e-3a3e-a99f-964ebe042217":{"type":"fullContent","revision":1},"1d08f9d3-0e5d-3a49-abf5-411e02ddd63f":{"type":"fullContent","revision":1},"33627d4d-c7a1-3c6b-9740-cd19399b314d":{"type":"fullContent","revision":1},"56c0e875-9328-365e-a7fc-2c480b916804":{"type":"fullContent","revision":1},"84622ac2-9cbe-360b-9595-d9d82a3e1a1b":{"type":"fullContent","revision":1},"e986b727-1808-37e7-9536-e0620a5dd45f":{"type":"fullContent","revision":1},"747f2a45-43e1-3128-b27e-2e2b805372bb":{"type":"fullContent","revision":1},"3ab407d6-1c00-3e92-8c76-f0b4f712034d":{"type":"diff","revision":2,"appliesTo":"4ad2ec3b-85eb-35b8-9e8a-36bb94468606"},"54c651f8-19ea-3c83-903c-7afc58fc579e":{"type":"fullContent","revision":1},"4f4ea3b7-5e39-3487-bcb9-6668f00951ec":{"type":"fullContent","revision":1},"87710ddd-8539-3bf5-8a6c-d5a07f37483e":{"type":"fullContent","revision":1},"e0d6a051-3213-3c3b-a7fb-5c013b06073d":{"type":"fullContent","revision":1},"4ad510fa-da2e-3518-8cae-6a0acbbf3723":{"type":"fullContent","revision":1},"62dc8c55-d001-3147-8331-52f091ab4085":{"type":"fullContent","revision":1},"1d8f2849-e5e0-38c5-8690-e567b1f1c027":{"type":"fullContent","revision":1},"74d1a699-5acc-3aa7-af53-194543909773":{"type":"fullContent","revision":1},"dc41776a-0bcb-3444-a6de-d43a9b549e86":{"type":"fullContent","revision":1},"2f317249-4620-358e-b3f9-cf78d6dbb688":{"type":"fullContent","revision":4},"38a564a7-baa0-3cc0-95ff-bf6ed8c0718f":{"type":"fullContent","revision":1},"56e8c5da-94c4-3412-8233-734937f14e24":{"type":"fullContent","revision":1},"6b19bcb0-cbbf-3950-8376-b9563e055319":{"type":"diff","revision":3,"appliesTo":"1fd02dbc-adc8-33b1-829e-552fbc77a6d6"},"f824ea9e-44cf-3d86-89fc-95032548f782":{"type":"fullContent","revision":1},"c9a58b97-a71e-3161-8f2c-98497cc21e88":{"type":"fullContent","revision":1},"7d8c594d-bb80-3bd9-a4f2-bd65415204bc":{"type":"fullContent","revision":1},"d70759bb-c649-35eb-8774-e1ac3dc15dcc":{"type":"fullContent","revision":1},"3d1118fa-9674-364e-93d1-cb580c863315":{"type":"fullContent","revision":1},"d177efa2-a281-3608-95e9-ecd42ea535f8":{"type":"fullContent","revision":1},"3ad49266-8e71-39fb-b069-381cb93760ed":{"type":"fullContent","revision":1},"f46f69a9-7d24-301a-8605-1eab0dc854f4":{"type":"fullContent","revision":1},"c4c25063-f68a-3137-bfb9-f506babfc839":{"type":"fullContent","revision":2},"f1598ae2-2051-3f67-ad28-d4500cf61878":{"type":"fullContent","revision":1},"6c9cb4ca-7ffb-3419-bed9-944e559432fc":{"type":"fullContent","revision":1},"5e72dd49-0cdc-3c95-a21c-5169c94ad6bc":{"type":"fullContent","revision":1},"06c8b729-a4b4-3ace-97b3-4c511eaf6e10":{"type":"fullContent","revision":1},"b34ce7e7-5e94-39b6-a4d6-25118341b4fb":{"type":"fullContent","revision":1},"97ff4741-ba23-3603-ae48-a2e4aec3be44":{"type":"fullContent","revision":1},"1fd02dbc-adc8-33b1-829e-552fbc77a6d6":{"type":"fullContent","revision":2},"8fc0b775-6e26-3a05-9c97-4f214ad8adf8":{"type":"fullContent","revision":1},"21d75a60-0967-36ae-8bbd-65e53edc18bd":{"type":"fullContent","revision":1},"7d2d00d0-f104-3e4d-8767-fe134580c9e1":{"type":"fullContent","revision":1},"dcf3b695-a327-31b5-b441-a86fc2acac2b":{"type":"fullContent","revision":1},"ba56ab5f-5b0b-3e50-940e-a727b9f04c37":{"type":"fullContent","revision":1},"5c6cc297-efe2-3a60-a698-564519fbbd81":{"type":"fullContent","revision":1},"e7701076-fc9f-3059-9380-6580471c455b":{"type":"fullContent","revision":1},"b5ec69e0-406e-398b-ac43-e3b60ed76a15":{"type":"fullContent","revision":1},"c3034e31-d623-3c56-ae4b-6cd26c6a1ef9":{"type":"fullContent","revision":1},"42538a2a-ce6b-3450-a838-1129d91bd7f7":{"type":"fullContent","revision":1},"d6878c74-5889-3fd0-8cad-51d3262af472":{"type":"fullContent","revision":1},"29618365-4f8a-3118-8a41-6474c1d11b80":{"type":"fullContent","revision":1},"1ff81189-0810-3ea8-bf4d-289eb1619d93":{"type":"fullContent","revision":1},"375d4137-bdb2-3e2d-bcb5-8445637f4324":{"type":"fullContent","revision":1},"404b01fe-f56e-34f5-a754-1564c073f3c3":{"type":"fullContent","revision":1},"6879721a-657c-3b2d-9992-1f425fefdc3a":{"type":"fullContent","revision":1},"46f8dd78-806e-383e-98cc-597c6f18d72a":{"type":"fullContent","revision":1},"e06d2aab-9fea-36e1-967d-b46857a894c2":{"type":"fullContent","revision":1},"7e07b8fe-2b4d-3293-907f-02ae8b224e2c":{"type":"fullContent","revision":1},"d41d8cd9-8f00-3204-a980-0998ecf8427e":{"type":"fullContent","revision":1},"8aced51b-d7f3-3704-889b-da4d5e690324":{"type":"fullContent","revision":1},"a1cd47aa-bf1a-3ebd-b54b-1251900bb6f4":{"type":"fullContent","revision":1},"80704043-25d7-376c-9849-b7723d948b65":{"type":"fullContent","revision":1},"0e74befa-2891-362c-bf41-e095f9b06800":{"type":"fullContent","revision":1},"b2e1e5d4-e1c7-383f-b4ae-f1d3ae7223df":{"type":"fullContent","revision":1},"3dbabea0-327d-35d5-82db-8ae72125ef52":{"type":"fullContent","revision":1},"907db90e-0b0e-3d10-a5e4-485e8c7a2009":{"type":"fullContent","revision":1}}