{"0395399a-a08e-3a1d-bd47-cbcd029ef3da":{"type":"fullContent","revision":1},"97ff4741-ba23-3603-ae48-a2e4aec3be44":{"type":"fullContent","revision":1},"3ad49266-8e71-39fb-b069-381cb93760ed":{"type":"fullContent","revision":1},"d61d7457-9840-3170-ac90-bebed47099cd":{"type":"fullContent","revision":1},"7fca855b-653d-39a7-9488-451c3fd8b67f":{"type":"fullContent","revision":1},"56c0e875-9328-365e-a7fc-2c480b916804":{"type":"fullContent","revision":1},"4ad2ec3b-85eb-35b8-9e8a-36bb94468606":{"type":"fullContent","revision":1},"996b63aa-012e-311a-bb10-2e1e45557890":{"type":"fullContent","revision":1}}