{"10f9468c-2fa7-3b8e-a9cf-dddf3fe922c3":{"type":"fullContent","revision":1},"6c98e16c-0d98-3dd0-b3f6-fb058d2d141e":{"type":"fullContent","revision":1},"87710ddd-8539-3bf5-8a6c-d5a07f37483e":{"type":"fullContent","revision":1},"e0d6a051-3213-3c3b-a7fb-5c013b06073d":{"type":"fullContent","revision":1},"4ad510fa-da2e-3518-8cae-6a0acbbf3723":{"type":"fullContent","revision":1},"900f8443-69f1-39ba-9e56-ac6c9120b716":{"type":"fullContent","revision":1},"8e6b0cea-87fb-32e7-b2a6-ccb3540ad27a":{"type":"fullContent","revision":1},"62dc8c55-d001-3147-8331-52f091ab4085":{"type":"fullContent","revision":1},"c08846c3-9f9a-304a-b65a-d2f5e78a2e8e":{"type":"fullContent","revision":1},"dc41776a-0bcb-3444-a6de-d43a9b549e86":{"type":"fullContent","revision":1},"61c33940-540b-338d-a5b3-382abd3f20d4":{"type":"fullContent","revision":1},"d61d7457-9840-3170-ac90-bebed47099cd":{"type":"fullContent","revision":1},"98a547d1-fcac-3243-97ff-d7e359ad727d":{"type":"fullContent","revision":1},"38a564a7-baa0-3cc0-95ff-bf6ed8c0718f":{"type":"fullContent","revision":1},"996b63aa-012e-311a-bb10-2e1e45557890":{"type":"fullContent","revision":1},"3130be71-5995-3529-a134-6375dc406f40":{"type":"fullContent","revision":1},"0395399a-a08e-3a1d-bd47-cbcd029ef3da":{"type":"fullContent","revision":1},"6fe459de-fb78-3d23-a272-ca184a425118":{"type":"fullContent","revision":1},"c9a58b97-a71e-3161-8f2c-98497cc21e88":{"type":"fullContent","revision":1},"7d8c594d-bb80-3bd9-a4f2-bd65415204bc":{"type":"fullContent","revision":1},"cebb6ae3-f48a-3d83-a40a-d7c2384ee21e":{"type":"fullContent","revision":1},"7fca855b-653d-39a7-9488-451c3fd8b67f":{"type":"fullContent","revision":1},"16954ada-fdbe-358b-84cf-e4e382f44d60":{"type":"fullContent","revision":1},"a9578b8c-e47e-3570-8ddf-828a5a5d87e3":{"type":"fullContent","revision":1},"3d1118fa-9674-364e-93d1-cb580c863315":{"type":"fullContent","revision":1},"3ad49266-8e71-39fb-b069-381cb93760ed":{"type":"fullContent","revision":1},"f46f69a9-7d24-301a-8605-1eab0dc854f4":{"type":"fullContent","revision":1},"d57fcb1f-103e-3631-8c57-d2b64e3ef72e":{"type":"fullContent","revision":1},"88cdcf31-1d68-344b-9e90-7c69482abc57":{"type":"fullContent","revision":1},"97ff4741-ba23-3603-ae48-a2e4aec3be44":{"type":"fullContent","revision":1},"99a6e140-0f4b-36cd-9008-0cfb58da1fbe":{"type":"fullContent","revision":1},"e77b5f6a-93c2-354e-a001-5361311518f8":{"type":"fullContent","revision":1},"26639009-0094-3bcc-b841-b69c8b2eda24":{"type":"fullContent","revision":1},"8fc0b775-6e26-3a05-9c97-4f214ad8adf8":{"type":"fullContent","revision":1},"7d2d00d0-f104-3e4d-8767-fe134580c9e1":{"type":"fullContent","revision":1},"dcf3b695-a327-31b5-b441-a86fc2acac2b":{"type":"fullContent","revision":1},"ba56ab5f-5b0b-3e50-940e-a727b9f04c37":{"type":"fullContent","revision":1},"5c6cc297-efe2-3a60-a698-564519fbbd81":{"type":"fullContent","revision":1},"e7701076-fc9f-3059-9380-6580471c455b":{"type":"fullContent","revision":1},"fbbfa4ec-22f2-3f8c-a703-d671de013e05":{"type":"fullContent","revision":1},"f80acfc0-9dd8-32d6-8877-32fdb4b29edf":{"type":"fullContent","revision":1},"42538a2a-ce6b-3450-a838-1129d91bd7f7":{"type":"fullContent","revision":1},"4ad2ec3b-85eb-35b8-9e8a-36bb94468606":{"type":"fullContent","revision":1},"c56b4580-d56f-336a-909c-3d32e9f5da2c":{"type":"fullContent","revision":1},"f8748ec9-32a4-3cf4-8032-9162dd7e442c":{"type":"diff","revision":2,"appliesTo":"3dbabea0-327d-35d5-82db-8ae72125ef52"},"e06d2aab-9fea-36e1-967d-b46857a894c2":{"type":"fullContent","revision":1},"7e07b8fe-2b4d-3293-907f-02ae8b224e2c":{"type":"fullContent","revision":1},"7920ced3-094e-3a3e-a99f-964ebe042217":{"type":"fullContent","revision":1},"d41d8cd9-8f00-3204-a980-0998ecf8427e":{"type":"fullContent","revision":1},"1d08f9d3-0e5d-3a49-abf5-411e02ddd63f":{"type":"fullContent","revision":1},"33627d4d-c7a1-3c6b-9740-cd19399b314d":{"type":"fullContent","revision":1},"56c0e875-9328-365e-a7fc-2c480b916804":{"type":"fullContent","revision":1},"747f2a45-43e1-3128-b27e-2e2b805372bb":{"type":"fullContent","revision":1},"3dbabea0-327d-35d5-82db-8ae72125ef52":{"type":"fullContent","revision":1}}