{"version":4,"referenced":{"e26af09d-2c4d-4186-9339-47e453a3570b":{"@class":"ai.brokk.context.FragmentDtos$ProjectFileDto","id":"e26af09d-2c4d-4186-9339-47e453a3570b","repoRoot":"C:\\Users\\PC\\Tiktok Bot","relPath":"frontend\\src\\App.tsx","snapshotText":"d61d7457-9840-3170-ac90-bebed47099cd"},"c329a1ff-e73f-49e7-a98f-8e3ad314f3df":{"@class":"ai.brokk.context.FragmentDtos$ProjectFileDto","id":"c329a1ff-e73f-49e7-a98f-8e3ad314f3df","repoRoot":"C:\\Users\\PC\\Tiktok Bot","relPath":"frontend\\vite.config.ts","snapshotText":"7fca855b-653d-39a7-9488-451c3fd8b67f"},"948e3fd9-8351-4c82-b025-3549d0868437":{"@class":"ai.brokk.context.FragmentDtos$ProjectFileDto","id":"948e3fd9-8351-4c82-b025-3549d0868437","repoRoot":"C:\\Users\\PC\\Tiktok Bot","relPath":"frontend\\package.json","snapshotText":"996b63aa-012e-311a-bb10-2e1e45557890"},"33759428-bab9-4e6b-8754-8c5a1ec13543":{"@class":"ai.brokk.context.FragmentDtos$ProjectFileDto","id":"33759428-bab9-4e6b-8754-8c5a1ec13543","repoRoot":"C:\\Users\\PC\\Tiktok Bot","relPath":"frontend\\src\\pages\\NotFound.tsx","snapshotText":"56c0e875-9328-365e-a7fc-2c480b916804"},"554f91f7-0742-45f2-b567-0ebb3cd0a326":{"@class":"ai.brokk.context.FragmentDtos$ProjectFileDto","id":"554f91f7-0742-45f2-b567-0ebb3cd0a326","repoRoot":"C:\\Users\\PC\\Tiktok Bot","relPath":"frontend\\README.md","snapshotText":"97ff4741-ba23-3603-ae48-a2e4aec3be44"},"84fdf351-a943-4e40-810d-4ee1ab3c6cb3":{"@class":"ai.brokk.context.FragmentDtos$ProjectFileDto","id":"84fdf351-a943-4e40-810d-4ee1ab3c6cb3","repoRoot":"C:\\Users\\PC\\Tiktok Bot","relPath":"README.md","snapshotText":"0395399a-a08e-3a1d-bd47-cbcd029ef3da"},"ded6514b-033b-49bc-9815-981785903b1c":{"@class":"ai.brokk.context.FragmentDtos$ProjectFileDto","id":"ded6514b-033b-49bc-9815-981785903b1c","repoRoot":"C:\\Users\\PC\\Tiktok Bot","relPath":"api.py","snapshotText":"4ad2ec3b-85eb-35b8-9e8a-36bb94468606"},"50a0673e-761d-49ea-b94d-99bed66a2ebf":{"@class":"ai.brokk.context.FragmentDtos$ProjectFileDto","id":"50a0673e-761d-49ea-b94d-99bed66a2ebf","repoRoot":"C:\\Users\\PC\\Tiktok Bot","relPath":"frontend\\src\\main.tsx","snapshotText":"3ad49266-8e71-39fb-b069-381cb93760ed"}},"virtual":{"0e7c650fb701fccad55e5225f27af6beba341b16d8bec42f84eec764f521b588":{"type":"ai.brokk.context.FragmentDtos$PasteImageFragmentDto","id":"0e7c650fb701fccad55e5225f27af6beba341b16d8bec42f84eec764f521b588","description":"Screenshot of a 404 NOT_FOUND error message dialog."}},"task":{}}